{
  "project_info": {
    "project_number": "447474174566",
    "project_id": "maps-2018-ed480",
    "storage_bucket": "maps-2018-ed480.appspot.com"
  },
  "client": [
    {
      "client_info": {
        "mobilesdk_app_id": "1:447474174566:android:bd38b67eca03281c22fba7",
        "android_client_info": {
          "package_name": "com.codingwithmitch.googlemaps2018"
        }
      },
      "oauth_client": [
        {
          "client_id": "447474174566-q0vq0pio1uag1n0v2b4m448j1fhhabol.apps.googleusercontent.com",
          "client_type": 1,
          "android_info": {
            "package_name": "com.codingwithmitch.googlemaps2018",
            "certificate_hash": "19838140de0c5f111404a1ae0856841f47f8773f"
          }
        },
        {
          "client_id": "447474174566-25afddvqg101333hi1mb55n30ad3f7r1.apps.googleusercontent.com",
          "client_type": 3
        }
      ],
      "api_key": [
        {
          "current_key": "AIzaSyAtSI8DubxGob7PT-BNdFTXWZA7loap0Gw"
        }
      ],
      "services": {
        "appinvite_service": {
          "other_platform_oauth_client": [
            {
              "client_id": "447474174566-25afddvqg101333hi1mb55n30ad3f7r1.apps.googleusercontent.com",
              "client_type": 3
            }
          ]
        }
      }
    }
  ],
  "configuration_version": "1"
}